<application>
  <component name="ExportableFileTemplateSettings">
    <default_templates>
      <template name="Component.jsx" reformat="true" live-template-enabled="true" />
      <template name="CRUD(entity based).java" file-name="./entity/${NAME}Entity" reformat="true" live-template-enabled="false">
        <template name="CRUD(entity based).java.child.0.java" file-name="./controller/${NAME}Controller " reformat="true" live-template-enabled="true" />
        <template name="CRUD(entity based).java.child.1.java" file-name="./service/${NAME}Service" reformat="true" live-template-enabled="true" />
        <template name="CRUD(entity based).java.child.2.java" file-name="./exception/${NAME.toLowerCase()}/${NAME}NotFoundException" reformat="true" live-template-enabled="true" />
        <template name="CRUD(entity based).java.child.3.java" file-name="./repository/${NAME}Repository" reformat="true" live-template-enabled="true" />
      </template>
      <template name="CRUD(entity based).java.child.0.java" file-name="./controller/${NAME}Controller " reformat="true" live-template-enabled="true" />
      <template name="CRUD(entity based).java.child.1.java" file-name="./service/${NAME}Service" reformat="true" live-template-enabled="true" />
      <template name="CRUD(entity based).java.child.2.java" file-name="./exception/${NAME.toLowerCase()}/${NAME}NotFoundException" reformat="true" live-template-enabled="true" />
      <template name="CRUD(entity based).java.child.3.java" file-name="./repository/${NAME}Repository" reformat="true" live-template-enabled="true" />
      <template name="GlobalExceptionHandler.java" file-name="./exception/GlobalException" reformat="true" live-template-enabled="false">
        <template name="GlobalExceptionHandler.java.child.0.java" file-name="./exception/ResponseStatusException" reformat="true" live-template-enabled="false" />
      </template>
      <template name="GlobalExceptionHandler.java.child.0.java" file-name="./exception/ResponseStatusException" reformat="true" live-template-enabled="false" />
      <template name="ModelMapperInitConfiguration.java" file-name="./conf/ModelMapperConfig" reformat="true" live-template-enabled="false" />
      <template name="StyledComponent.jsx" file-name="./$NAME/${NAME}" reformat="true" live-template-enabled="true">
        <template name="StyledComponent.jsx.child.0.css" file-name="./$NAME/${NAME}.module" reformat="true" live-template-enabled="true" />
      </template>
      <template name="StyledComponent.jsx.child.0.css" file-name="./$NAME/${NAME}.module" reformat="true" live-template-enabled="true" />
    </default_templates>
  </component>
</application>