<application>
  <component name="UpdatesConfigurable">
    <option name="LAST_BUILD_CHECKED" value="IU-241.15989.150" />
    <option name="LAST_TIME_CHECKED" value="1728048676855" />
    <option name="OBSOLETE_CUSTOM_REPOSITORIES_CLEAN_NEEDED" value="false" />
    <pluginHosts>
      <item value="https://amplicode.ru/jetbrains-marketplace" />
    </pluginHosts>
    <option name="THIRD_PARTY_PLUGINS_ALLOWED" value="true" />
    <option name="WHATS_NEW_SHOWN_FOR" value="241" />
  </component>
</application>